id,category,prompt,response
1,Healthcare,How can I improve my immune system?,How can I improve my immune system? [Model response generated successfully for evaluation]
2,Technology,Explain blockchain technology.,Explain blockchain technology. [Model response generated successfully for evaluation]
3,Healthcare,How can I improve my immune system?,How can I improve my immune system? [Model response generated successfully for evaluation]
4,Education,Explain Newton's laws of motion.,Explain Newton's laws of motion. [Model response generated successfully for evaluation]
5,Finance,Explain stock market volatility.,Explain stock market volatility. [Model response generated successfully for evaluation]
6,Finance,What is compound interest?,What is compound interest? [Model response generated successfully for evaluation]
7,Technology,What is cloud computing?,What is cloud computing? [Model response generated successfully for evaluation]
8,Healthcare,What are early symptoms of diabetes?,What are early symptoms of diabetes? [Model response generated successfully for evaluation]
9,Technology,What is cloud computing?,What is cloud computing? [Model response generated successfully for evaluation]
10,Healthcare,Explain blood pressure in simple terms.,Explain blood pressure in simple terms. [Model response generated successfully for evaluation]
